id,model_name,BLEU_score,BERTScore_F1,SBERT_Similarity,Perplexity,Word_Overlap,Length_Similarity,Char_Similarity,Quality_Score
1,DeepSeek_Base,0.07653569808668517,0.849341869354248,0.5993680357933044,4.011976047904192,0.14,0.08982035928143717,1.0,0.12494610778443116
2,DeepSeek_Base,0.09396387387374497,0.8612111210823059,0.8310331106185913,4.701492537313433,0.18309859154929578,0.11194029850746268,0.96,0.16175110363674583
3,DeepSeek_Base,0.08713488543722085,0.8455278277397156,0.7024184465408325,5.077720207253886,0.17894736842105263,0.10880829015544047,1.0,0.15790564494136897
4,DeepSeek_Base,0.05290255019123967,0.849744439125061,0.6802136301994324,4.35374149659864,0.14457831325301204,0.12244897959183676,1.0,0.13793951315465944
5,DeepSeek_Base,0.03652896990166911,0.8283713459968567,0.8510125279426575,4.717948717948718,0.11650485436893204,0.07692307692307687,1.0,0.1046303211351755
6,DeepSeek_Base,1.9211773108327257e-155,0.8058072924613953,0.6968777179718018,4.4375,0.056179775280898875,0.1875,1.0,0.0955758426966292
7,DeepSeek_Base,8.06798322521923e-232,0.8039143681526184,0.45023858547210693,4.961538461538462,0.061068702290076333,0.0692307692307692,1.0,0.06351732237228419
8,DeepSeek_Base,0.08386350618460808,0.8464553356170654,0.6873701810836792,5.469387755102041,0.12612612612612611,0.11428571428571432,1.0,0.12257400257400257
9,DeepSeek_Base,0.022719206282969116,0.8465126156806946,0.6367645859718323,3.7301587301587302,0.10126582278481013,0.11111111111111116,1.0,0.10421940928270043
10,DeepSeek_Base,0.027199587362668,0.8047422766685486,0.5276806950569153,5.03957783641161,0.09574468085106383,0.05013192612137207,1.0,0.0820608544321563
11,DeepSeek_Base,0.02962466425188433,0.8131356239318848,0.6718801259994507,5.061475409836065,0.12863070539419086,0.15778688524590168,1.0,0.13737755934970408
12,DeepSeek_Base,0.021241939590834594,0.8230055570602417,0.6923277974128723,6.284658040665434,0.06965174129353234,0.02957486136783738,1.0,0.05762867731582385
13,DeepSeek_Base,0.0160823622932668,0.8190177083015442,0.6944291591644287,6.527570789865872,0.06437768240343347,0.023845007451564815,1.0,0.05221787991787287
14,DeepSeek_Base,0.015251005103023326,0.8217950463294983,0.6799256205558777,6.657963446475196,0.04296875,0.019582245430809442,1.0,0.03595279862924283
15,DeepSeek_Base,0.014631355438993023,0.7883066534996033,0.7025432586669922,6.492942453854507,0.04643962848297214,0.017372421281216077,1.0,0.03771946632244532
16,DeepSeek_Base,0.06561905581140477,0.8028392195701599,0.692676305770874,4.363636363636364,0.1827956989247312,0.2727272727272727,0.96875,0.20977517106549365
17,DeepSeek_Base,9.026003838769375e-156,0.7959586381912231,0.6546711921691895,6.49417852522639,0.02952029520295203,0.023285899094437235,0.9629629629629629,0.027649976370397587
18,DeepSeek_Base,0.011379858419838807,0.8016634583473206,0.4992130994796753,5.779036827195467,0.08053691275167785,0.07082152974504252,1.0,0.07762229784968724
19,DeepSeek_Base,0.03376162759624526,0.8309536576271057,0.7078713178634644,6.829745596868885,0.10493827160493827,0.050880626223091974,1.0,0.08872097799038436
20,DeepSeek_Base,0.009900492378505812,0.7681148052215576,0.6566126942634583,5.439814814814814,0.07614213197969544,0.10185185185185186,0.967741935483871,0.08385504794134235
21,DeepSeek_Base,0.036486273840842826,0.813579261302948,0.6267561316490173,4.831932773109243,0.08130081300813008,0.050420168067226934,1.0,0.07203661952585913
22,DeepSeek_Base,0.030920377175037796,0.8167179226875305,0.6723214387893677,4.963503649635036,0.06521739130434782,0.04379562043795615,1.0,0.058790860044430314
23,DeepSeek_Base,0.02951841559380003,0.7920680046081543,0.6385044455528259,5.574712643678161,0.12337662337662338,0.06609195402298851,1.0,0.10619122257053291
24,DeepSeek_Base,1.5854601367236014e-155,0.8051756620407104,0.36252376437187195,5.933202357563852,0.04830917874396135,0.029469548133595258,1.0,0.04265728956085152
25,DeepSeek_Base,2.603999969216157e-155,0.8090521693229675,0.7967461943626404,5.884353741496598,0.10743801652892562,0.1054421768707483,0.9393939393939394,0.10683926463147242
26,DeepSeek_Base,0.02219888495291275,0.7914246320724487,0.7234204411506653,5.089605734767025,0.10218978102189781,0.10035842293906805,0.9666666666666667,0.10164037359704887
27,DeepSeek_Base,7.431840747053121e-79,0.8065593242645264,0.5875198245048523,4.349775784753364,0.1111111111111111,0.09865470852017932,1.0,0.10737419033383155
28,DeepSeek_Base,0.016611739626324316,0.8130632638931274,0.6074010729789734,4.90990990990991,0.09734513274336283,0.07207207207207211,0.96,0.08976321454197561
29,DeepSeek_Base,0.09208757512359769,0.8237982392311096,0.7893801927566528,5.555555555555555,0.175,0.19999999999999996,0.9583333333333334,0.18249999999999997
30,DeepSeek_Base,0.05545630325273446,0.8282289505004883,0.43646591901779175,4.862068965517241,0.1342281879194631,0.11379310344827587,1.0,0.1280976625781069
31,DeepSeek_Base,1.104939887370428e-155,0.7802245616912842,0.5819019079208374,6.41095890410959,0.030534351145038167,0.0657534246575342,1.0,0.041100073198786974
32,DeepSeek_Base,0.0184332884621109,0.7948294281959534,0.5528055429458618,4.954128440366973,0.09696969696969697,0.09174311926605505,1.0,0.09540172365860439
33,DeepSeek_Base,4.136952894721752e-79,0.8124457001686096,0.5884153246879578,4.511494252873564,0.05235602094240838,0.04597701149425293,1.0,0.05044231810796174
34,DeepSeek_Base,5.814183334612955e-79,0.7762881517410278,0.5906520485877991,5.343680709534368,0.10476190476190476,0.1019955654101996,1.0,0.10393200295639321
35,DeepSeek_Base,0.011247032081511843,0.8081951141357422,0.5813264846801758,4.755043227665706,0.08241758241758242,0.0720461095100865,1.0,0.07930614054533364
36,DeepSeek_Base,0.006046460946101841,0.8077832460403442,0.6637340784072876,5.882352941176471,0.03940886699507389,0.04056795131845847,1.0,0.03975659229208926
37,DeepSeek_Base,0.04196567685931983,0.809136688709259,0.4979088306427002,4.82849604221636,0.09693877551020408,0.05277044854881263,1.0,0.08368827742178664
38,DeepSeek_Base,3.982373690308404e-79,0.8141752481460571,0.6197280287742615,4.5658263305322135,0.07731958762886598,0.07282913165266103,1.0,0.0759724508360045
39,DeepSeek_Base,0.016656356387481648,0.8032888174057007,0.5852838754653931,4.617737003058105,0.08522727272727272,0.07645259938837923,1.0,0.08259487072560466
40,DeepSeek_Base,0.011860214706882036,0.7889578938484192,0.6899318695068359,4.413965087281796,0.07589285714285714,0.07730673316708225,1.0,0.07631701995012466
41,DeepSeek_Base,0.02041900482408268,0.8073596954345703,0.5598888397216797,5.256410256410256,0.11351351351351352,0.07948717948717954,0.9583333333333334,0.10330561330561332
42,DeepSeek_Base,0.02520639370437378,0.7972030639648438,0.6197717785835266,5.227272727272727,0.06493506493506493,0.039256198347107474,1.0,0.05723140495867769
43,DeepSeek_Base,5.589603109803071e-79,0.8243345022201538,0.7484108805656433,5.267175572519084,0.08870967741935484,0.06488549618320616,1.0,0.08156242304851023
44,DeepSeek_Base,0.010523459393463653,0.7949931025505066,0.6221749782562256,5.662251655629139,0.061068702290076333,0.052980132450331174,1.0,0.058642131338152784
45,DeepSeek_Base,0.012435783665617393,0.8210738301277161,0.7224121689796448,5.993485342019545,0.06504065040650407,0.032573289902280145,1.0,0.05530044225523689
46,DeepSeek_Base,1.215739341178971e-155,0.775020182132721,0.31101521849632263,5.191570881226053,0.02390438247011952,0.02490421455938696,1.0,0.02420433209689975
47,DeepSeek_Base,0.020158532360274664,0.7997312545776367,0.6197603940963745,5.787671232876712,0.0975609756097561,0.07534246575342463,1.0,0.09089542265285665
48,DeepSeek_Base,4.222079459193686e-79,0.796375572681427,0.5248828530311584,5.353075170842825,0.03431372549019608,0.029612756264236872,1.0,0.032903434722408316
49,DeepSeek_Base,0.02907711308004282,0.8131440281867981,0.6770988702774048,5.863013698630137,0.11258278145695365,0.0876712328767123,1.0,0.10510931688288125
50,DeepSeek_Base,7.80390634533599e-79,0.8198434114456177,0.7493532299995422,6.570743405275779,0.11888111888111888,0.09832134292565953,0.96875,0.11271318609448105
1,LLaMA_Base,0.03717710431696234,0.8294054865837097,0.7161418199539185,4.90909090909091,0.14285714285714285,0.09090909090909094,0.875,0.12727272727272726
2,LLaMA_Base,0.07477507951298314,0.854584813117981,0.8026074171066284,5.7142857142857135,0.18055555555555555,0.0892857142857143,1.0,0.15317460317460319
3,LLaMA_Base,0.07431778393612733,0.8398867249488831,0.685794472694397,6.180904522613066,0.21052631578947367,0.10552763819095479,1.0,0.179026712509918
4,LLaMA_Base,0.038156413922088885,0.8194233775138855,0.727482795715332,4.927536231884058,0.12380952380952381,0.08695652173913049,1.0,0.11275362318840582
5,LLaMA_Base,3.0045367587050597e-155,0.8272372484207153,0.8307280540466309,4.451219512195122,0.10989010989010989,0.09146341463414631,0.96,0.1043621013133208
6,LLaMA_Base,0.10344819821286672,0.8335056900978088,0.8598748445510864,5.123152709359607,0.1717171717171717,0.14778325123152714,1.0,0.16453699557147833
7,LLaMA_Base,1.8257785634683142e-155,0.8172723650932312,0.5811445713043213,6.343283582089551,0.061224489795918366,0.13432835820895528,1.0,0.08315565031982944
8,LLaMA_Base,0.07517736320304688,0.846862256526947,0.6625338196754456,6.0,0.1590909090909091,0.12727272727272732,0.9629629629629629,0.14954545454545454
9,LLaMA_Base,0.02028816823882152,0.8132535219192505,0.6684433817863464,4.540229885057471,0.10526315789473684,0.08045977011494254,1.0,0.09782214156079855
10,LLaMA_Base,0.04778848593925192,0.8395840525627136,0.6950451135635376,5.0390625,0.12598425196850394,0.07421875,1.0,0.11045460137795275
11,LLaMA_Base,1.4129681602419408e-78,0.8175495266914368,0.7230715155601501,4.92822966507177,0.16037735849056603,0.368421052631579,0.8918918918918919,0.2227904667328699
12,LLaMA_Base,0.04579342350268508,0.846001148223877,0.7728931307792664,6.306306306306306,0.15853658536585366,0.07207207207207211,1.0,0.13259723137771917
13,LLaMA_Base,0.040372145280695326,0.8502592444419861,0.797313392162323,4.80225988700565,0.14130434782608695,0.09039548022598876,0.9523809523809523,0.12603168754605748
14,LLaMA_Base,0.03733663645891198,0.8244464993476868,0.7394998669624329,7.008196721311474,0.1506849315068493,0.061475409836065587,1.0,0.12392207500561418
15,LLaMA_Base,0.05127086858676763,0.7986851930618286,0.7989980578422546,4.133333333333333,0.1590909090909091,0.10666666666666669,1.0,0.14336363636363636
16,LLaMA_Base,0.06561905581140477,0.8200893998146057,0.692676305770874,4.363636363636364,0.1827956989247312,0.2727272727272727,0.96875,0.20977517106549365
17,LLaMA_Base,1.5159551248314678e-155,0.8103906512260437,0.5764169096946716,5.760368663594471,0.05434782608695652,0.08294930875576034,0.9259259259259259,0.06292827088759767
18,LLaMA_Base,0.011810787998328671,0.8077584505081177,0.6153004765510559,5.989010989010989,0.0821917808219178,0.06868131868131866,0.967741935483871,0.07813864217973805
19,LLaMA_Base,0.06825591700499276,0.8394879102706909,0.7431662082672119,6.268656716417911,0.16,0.09701492537313428,1.0,0.14110447761194028
20,LLaMA_Base,0.011566261092508556,0.799011766910553,0.6345558762550354,5.945945945945946,0.10666666666666667,0.11891891891891893,0.967741935483871,0.11034234234234236
21,LLaMA_Base,5.5572870188618936e-232,0.7866876125335693,0.3150099813938141,5.303030303030303,0.013824884792626729,0.025974025974025983,0.9629629629629629,0.017469627147046505
22,LLaMA_Base,2.539717873455559e-155,0.8341534733772278,0.6656806468963623,3.2941176470588243,0.08771929824561403,0.14117647058823535,0.9629629629629629,0.10375644994840041
23,LLaMA_Base,0.055015211334102435,0.8253740072250366,0.5553113222122192,4.335664335664335,0.20987654320987653,0.16083916083916083,1.0,0.1951653284986618
24,LLaMA_Base,1.497011071390697e-155,0.8121021389961243,0.4278614819049835,5.672043010752688,0.043478260869565216,0.040322580645161255,1.0,0.042531556802244026
25,LLaMA_Base,0.020789683380182944,0.8064041137695312,0.7222564220428467,5.943060498220641,0.14035087719298245,0.11032028469750887,0.9696969696969697,0.13134169944434038
26,LLaMA_Base,0.0,0.0,0.0,10.0,0.0,0.0,0.0,0.0
27,LLaMA_Base,0.050518387652038886,0.839001476764679,0.7417036890983582,5.235294117647059,0.1728395061728395,0.12941176470588234,0.9642857142857143,0.15981118373275233
28,LLaMA_Base,0.015951154123447064,0.8276930451393127,0.6370452046394348,5.317919075144508,0.08641975308641975,0.09248554913294793,0.92,0.08823949190037819
29,LLaMA_Base,0.11178494868674405,0.8430027961730957,0.6435233354568481,3.378378378378378,0.14285714285714285,0.2432432432432432,0.9166666666666666,0.17297297297297295
30,LLaMA_Base,1.0446550074992694e-231,0.7988600730895996,0.22025111317634583,3.378378378378378,0.08163265306122448,0.44594594594594594,0.7931034482758621,0.1909266409266409
31,LLaMA_Base,1.8902422443188016e-155,0.8065162897109985,0.6018012166023254,6.594982078853047,0.09473684210526316,0.08602150537634412,1.0,0.09212224108658744
32,LLaMA_Base,0.014002797990128721,0.8231150507926941,0.5334120392799377,4.858156028368795,0.10344827586206896,0.1063829787234043,1.0,0.10432868672046955
33,LLaMA_Base,4.5166053975584633e-79,0.8209870457649231,0.3893897235393524,4.572490706319703,0.07534246575342465,0.059479553903345694,1.0,0.07058359219840096
34,LLaMA_Base,0.030461944061266392,0.828392505645752,0.7317147254943848,4.879725085910653,0.1610738255033557,0.15807560137457044,1.0,0.1601743582647201
35,LLaMA_Base,0.022870212965787437,0.8166488409042358,0.5751798152923584,4.912280701754385,0.09482758620689655,0.10964912280701755,0.96,0.09927404718693283
36,LLaMA_Base,0.015891039438456777,0.825273871421814,0.7177228331565857,6.206896551724138,0.09090909090909091,0.08620689655172409,1.0,0.08949843260188085
37,LLaMA_Base,0.04549824277678038,0.828856348991394,0.3841095566749573,4.612068965517241,0.128,0.08620689655172409,1.0,0.11546206896551722
38,LLaMA_Base,2.183330126321348e-155,0.803662121295929,0.37324318289756775,5.0,0.07534246575342465,0.08904109589041098,0.9696969696969697,0.07945205479452054
39,LLaMA_Base,0.01339694802467829,0.8165907859802246,0.31482505798339844,4.660194174757281,0.07878787878787878,0.08090614886731395,1.0,0.07942335981170934
40,LLaMA_Base,0.03426000536441826,0.8095569014549255,0.5805456638336182,5.0,0.1320754716981132,0.09748427672955973,1.0,0.12169811320754716
41,LLaMA_Base,0.019147718818894585,0.8349694013595581,0.6239820718765259,4.867924528301887,0.11029411764705882,0.11698113207547167,0.9583333333333334,0.11230022197558268
42,LLaMA_Base,0.011843459923132684,0.7833088040351868,0.6013034582138062,4.958677685950414,0.06557377049180328,0.052341597796143224,1.0,0.06160411868310526
43,LLaMA_Base,2.510900928869273e-155,0.8363592028617859,0.7143378853797913,5.294117647058823,0.09166666666666666,0.06666666666666665,0.9230769230769231,0.08416666666666665
44,LLaMA_Base,1.0523073183820674e-78,0.829667329788208,0.7099243402481079,4.2465753424657535,0.13095238095238096,0.1095890410958904,1.0,0.12454337899543377
45,LLaMA_Base,8.658105775159333e-79,0.8367875814437866,0.6886429190635681,5.096153846153846,0.12745098039215685,0.09615384615384615,1.0,0.11806184012066363
46,LLaMA_Base,5.866614974264094e-232,0.7800233960151672,0.1187279149889946,5.913978494623655,0.02631578947368421,0.06989247311827962,1.0,0.03938879456706283
47,LLaMA_Base,2.937340179476748e-155,0.8050059676170349,0.6295399069786072,4.090909090909091,0.14102564102564102,0.16666666666666663,1.0,0.1487179487179487
48,LLaMA_Base,0.05328618390857432,0.8373220562934875,0.6504920125007629,3.052631578947368,0.12121212121212122,0.13684210526315788,0.9642857142857143,0.1259011164274322
49,LLaMA_Base,0.060291098734265094,0.8365100026130676,0.80840003490448,4.437869822485208,0.18085106382978725,0.18934911242603547,1.0,0.1834004784086617
50,LLaMA_Base,0.037781909422825576,0.8417882919311523,0.7950069904327393,5.775193798449613,0.1834862385321101,0.1589147286821705,0.9375,0.17611478557712823
1,LLaMA_FT,2.6901704706298774e-155,0.8311951160430908,0.7662308216094971,5.2898550724637685,0.13846153846153847,0.10869565217391308,0.9166666666666666,0.12953177257525084
2,LLaMA_FT,0.117503605336665,0.8637045621871948,0.855929970741272,5.344827586206897,0.25925925925925924,0.1293103448275862,1.0,0.22027458492975732
3,LLaMA_FT,0.10795058379281416,0.8474316000938416,0.793838620185852,5.0,0.2077922077922078,0.13636363636363635,1.0,0.18636363636363634
4,LLaMA_FT,0.06617194968293136,0.8563315868377686,0.8363115191459656,5.5,0.24074074074074073,0.15000000000000002,1.0,0.21351851851851852
5,LLaMA_FT,0.1158180785758571,0.85150545835495,0.7896931767463684,3.3944954128440363,0.18055555555555555,0.13761467889908252,1.0,0.16767329255861363
6,LLaMA_FT,7.646115617112168e-79,0.8138135075569153,0.6159279346466064,4.206349206349206,0.1232876712328767,0.23809523809523814,1.0,0.15772994129158513
7,LLaMA_FT,6.475561529317024e-79,0.8164026737213135,0.6046048402786255,5.159235668789809,0.09210526315789473,0.1146496815286624,0.9583333333333334,0.09886858866912503
8,LLaMA_FT,0.05982935556378272,0.8598250150680542,0.5995650887489319,3.904761904761904,0.140625,0.2666666666666667,0.9629629629629629,0.17843750000000003
9,LLaMA_FT,0.0873405909198109,0.865328311920166,0.8738501667976379,4.155844155844156,0.2,0.18181818181818177,1.0,0.19454545454545452
10,LLaMA_FT,0.11684529593358842,0.8701963424682617,0.6537817716598511,4.568965517241379,0.23809523809523808,0.1637931034482759,0.9333333333333333,0.21580459770114943
11,LLaMA_FT,0.10891601805007284,0.8571240901947021,0.673390805721283,3.7894736842105257,0.3050847457627119,0.8105263157894737,0.7297297297297297,0.4567172167707404
12,LLaMA_FT,0.07783975223891539,0.8499270081520081,0.7463053464889526,4.879518072289156,0.16470588235294117,0.09638554216867468,1.0,0.1442097802976612
13,LLaMA_FT,0.1378759356260439,0.8848147988319397,0.8428435921669006,3.908045977011494,0.2641509433962264,0.1839080459770115,1.0,0.24007807417046192
14,LLaMA_FT,0.11267336990470439,0.8841421604156494,0.8133876919746399,5.803571428571428,0.23404255319148937,0.1339285714285714,0.9047619047619048,0.20400835866261396
15,LLaMA_FT,0.09357364465104659,0.8105400800704956,0.7060093879699707,4.871794871794872,0.2,0.10256410256410253,1.0,0.17076923076923073
16,LLaMA_FT,0.11618668433005479,0.8239376544952393,0.7217689156532288,4.477611940298507,0.22972972972972974,0.33582089552238803,0.96875,0.2615570794675272
17,LLaMA_FT,8.680762833923091e-232,0.8338006138801575,0.6092865467071533,4.845360824742269,0.1,0.18556701030927836,0.7777777777777778,0.1256701030927835
18,LLaMA_FT,0.022208135388774308,0.827107846736908,0.6262220740318298,4.491978609625669,0.11650485436893204,0.1336898395721925,0.9354838709677419,0.12166034992991018
19,LLaMA_FT,0.031120456551332755,0.840007483959198,0.6975445747375488,5.405405405405405,0.11764705882352941,0.17567567567567566,0.9642857142857143,0.1350556438791733
20,LLaMA_FT,8.69198556302324e-232,0.8104559779167175,0.562979519367218,5.595854922279793,0.08235294117647059,0.227979274611399,0.967741935483871,0.1260408412069491
21,LLaMA_FT,0.07126546662595946,0.8497915863990784,0.7210859060287476,4.0540540540540535,0.125,0.08108108108108103,1.0,0.1118243243243243
22,LLaMA_FT,0.07126546662595946,0.8517144322395325,0.7195570468902588,3.986486486486487,0.12359550561797752,0.08108108108108103,1.0,0.11084117825690858
23,LLaMA_FT,0.058832084690640586,0.8161818981170654,0.6644096374511719,4.117647058823529,0.175,0.16911764705882348,1.0,0.17323529411764704
24,LLaMA_FT,2.1787246519855557e-155,0.8423416018486023,0.5508127212524414,4.840425531914894,0.08247422680412371,0.07978723404255317,1.0,0.08166812897565254
25,LLaMA_FT,2.5886165214814117e-155,0.8023771047592163,0.5150494575500488,5.033557046979866,0.0945945945945946,0.20805369127516782,0.9393939393939394,0.12863232359876656
26,LLaMA_FT,0.06920206119446323,0.8439486622810364,0.814721941947937,4.41717791411043,0.16483516483516483,0.17177914110429449,0.9,0.16691835771590371
27,LLaMA_FT,1.2298182210608382e-78,0.8408468961715698,0.5901752710342407,4.4799999999999995,0.18840579710144928,0.17600000000000005,0.9642857142857143,0.1846840579710145
28,LLaMA_FT,8.476296985764078e-79,0.8304858207702637,0.6345271468162537,5.207100591715976,0.13580246913580246,0.09467455621301779,0.96,0.12346409525896705
29,LLaMA_FT,0.1045578861311467,0.8546751737594604,0.8153957724571228,6.171875,0.1836734693877551,0.140625,1.0,0.17075892857142855
30,LLaMA_FT,0.033911444371752905,0.8252763748168945,0.39468395709991455,4.296296296296296,0.14285714285714285,0.24444444444444446,1.0,0.17333333333333334
31,LLaMA_FT,8.490325849717067e-232,0.8342756628990173,0.5676249861717224,5.471698113207547,0.0625,0.2264150943396226,1.0,0.11167452830188677
32,LLaMA_FT,5.404209223088255e-79,0.7912219762802124,0.5189552903175354,4.193548387096774,0.06666666666666667,0.19354838709677424,0.84,0.10473118279569893
33,LLaMA_FT,7.600555800028866e-79,0.829874575138092,0.6093141436576843,3.149606299212598,0.10344827586206896,0.12598425196850394,0.96,0.11020906869399945
34,LLaMA_FT,8.497851629759652e-232,0.7765101194381714,0.322422057390213,5.798816568047338,0.056338028169014086,0.272189349112426,0.8888888888888888,0.12109342445203763
35,LLaMA_FT,0.08327383958129257,0.835582435131073,0.6476476192474365,2.8125,0.17391304347826086,0.1953125,0.96,0.1803328804347826
36,LLaMA_FT,9.067102238632236e-79,0.8577359914779663,0.5741173028945923,2.3863636363636367,0.08955223880597014,0.2272727272727273,0.8,0.1308683853459973
37,LLaMA_FT,0.10924347143725512,0.8392571806907654,0.5461481809616089,2.890625,0.18681318681318682,0.15625,0.9565217391304348,0.17764423076923078
38,LLaMA_FT,2.8574978763126157e-155,0.8263481855392456,0.6057094931602478,3.208955223880597,0.10989010989010989,0.19402985074626866,0.9696969696969697,0.13513203214695751
39,LLaMA_FT,0.07490970407488919,0.8570386171340942,0.7217420339584351,3.6111111111111116,0.18840579710144928,0.2314814814814815,0.9615384615384616,0.20132850241545894
40,LLaMA_FT,0.06805953790814476,0.8723474144935608,0.8513752222061157,5.704225352112676,0.2459016393442623,0.21830985915492962,1.0,0.23762410528746247
41,LLaMA_FT,7.091854517824902e-79,0.8311704397201538,0.5554798245429993,4.431137724550899,0.10752688172043011,0.18562874251497008,0.9583333333333334,0.1309574399587921
42,LLaMA_FT,7.601159375410181e-232,0.7752571105957031,0.34136727452278137,5.454545454545454,0.04,0.11515151515151512,0.9583333333333334,0.06254545454545453
43,LLaMA_FT,0.04991413553028065,0.8479357957839966,0.7442254424095154,4.696969696969697,0.18571428571428572,0.12878787878787878,0.9615384615384616,0.16863636363636364
44,LLaMA_FT,0.039821925036587644,0.8392476439476013,0.7882276177406311,5.384615384615384,0.16666666666666666,0.11188811188811187,1.0,0.15023310023310021
45,LLaMA_FT,0.04837591647068926,0.8033844828605652,0.5219975113868713,4.563758389261745,0.13580246913580246,0.13422818791946312,0.9615384615384616,0.13533018477090064
46,LLaMA_FT,6.705160809751319e-232,0.7897205948829651,0.09964125603437424,3.7614678899082565,0.029411764705882353,0.11926605504587151,1.0,0.0563680518078791
47,LLaMA_FT,9.446623638935716e-232,0.8139141201972961,0.6293151378631592,4.578313253012048,0.1111111111111111,0.2650602409638554,0.896551724137931,0.15729585006693436
48,LLaMA_FT,0.09578123325581499,0.8532147407531738,0.8408971428871155,5.206611570247935,0.1724137931034483,0.1074380165289256,1.0,0.15292106013109147
49,LLaMA_FT,0.060564325300810025,0.8484799861907959,0.7505598068237305,5.460122699386503,0.20270270270270271,0.19631901840490795,0.9714285714285714,0.20078759741336427
50,LLaMA_FT,0.05377432246218736,0.8566454648971558,0.8683305978775024,4.43609022556391,0.25675675675675674,0.30827067669172936,0.90625,0.2722109327372485
1,Mistral_Base,0.10873680015902017,0.8394958972930908,0.7996302843093872,4.224137931034483,0.19402985074626866,0.1293103448275862,0.875,0.1746139989706639
2,Mistral_Base,0.09694601494190443,0.8670135736465454,0.8667674660682678,4.901960784313726,0.23076923076923078,0.1470588235294118,0.92,0.2056561085972851
3,Mistral_Base,0.11552651443819169,0.8577383160591125,0.7956894636154175,5.486111111111112,0.24615384615384617,0.14583333333333337,1.0,0.2160576923076923
4,Mistral_Base,0.05406327147425293,0.8490976691246033,0.7685335278511047,4.509803921568627,0.16666666666666666,0.11764705882352944,1.0,0.15196078431372548
5,Mistral_Base,0.08862207768560149,0.8566544651985168,0.8780286312103271,4.471544715447155,0.19117647058823528,0.12195121951219512,1.0,0.17040889526542322
6,Mistral_Base,0.11772351509209526,0.830064594745636,0.8067092895507812,4.923076923076923,0.19696969696969696,0.23076923076923073,1.0,0.20710955710955709
7,Mistral_Base,8.510469113101058e-232,0.8113503456115723,0.5975403189659119,4.965986394557823,0.06756756756756757,0.12244897959183676,0.9583333333333334,0.08403199117484833
8,Mistral_Base,0.08623152513276236,0.8657814860343933,0.6371962428092957,4.649122807017544,0.22950819672131148,0.24561403508771928,1.0,0.23433994823123383
9,Mistral_Base,0.057128892453386336,0.8357622623443604,0.6972784996032715,3.583333333333333,0.12987012987012986,0.1166666666666667,1.0,0.12590909090909091
10,Mistral_Base,0.06442454893199256,0.8450958132743835,0.6708685159683228,4.404145077720207,0.1574074074074074,0.0984455958549223,1.0,0.13971886394166186
11,Mistral_Base,0.05052028967660142,0.8562043905258179,0.6490556001663208,2.8735632183908044,0.3064516129032258,0.8850574712643678,0.8648648648648649,0.48003337041156835
12,Mistral_Base,0.06389857075540104,0.8569684028625488,0.7527548670768738,3.8650306748466257,0.13,0.09815950920245398,1.0,0.12044785276073619
13,Mistral_Base,0.053318803410153694,0.8565742373466492,0.7339522242546082,3.7575757575757573,0.13592233009708737,0.09696969696969693,1.0,0.12423654015887023
14,Mistral_Base,0.06301525558511813,0.8437889218330383,0.7408906817436218,5.031446540880503,0.13924050632911392,0.09433962264150941,0.9047619047619048,0.12577024122283256
15,Mistral_Base,0.0971420978234181,0.8066234588623047,0.7340261340141296,4.301075268817204,0.24528301886792453,0.17204301075268813,1.0,0.2233110164333536
16,Mistral_Base,0.2046642230266837,0.8669420480728149,0.861517071723938,1.7073170731707321,0.4411764705882353,0.9111111111111111,0.90625,0.5821568627450979
17,Mistral_Base,1.0742919498757394e-78,0.8579229116439819,0.7364423871040344,3.9705882352941178,0.21951219512195122,0.2647058823529411,0.9629629629629629,0.23307030129124817
18,Mistral_Base,0.012132772111196535,0.7660769820213318,0.24335506558418274,5.64516129032258,0.06481481481481481,0.10080645161290325,0.9354838709677419,0.07561230585424134
19,Mistral_Base,1.6818228669430017e-155,0.8029128909111023,0.1810605823993683,4.753363228699552,0.05128205128205128,0.11659192825112108,1.0,0.07087501437277222
20,Mistral_Base,7.931713493131504e-232,0.7848986983299255,0.16256341338157654,4.970059880239521,0.047619047619047616,0.26347305389221554,0.967741935483871,0.11237524950099799
21,Mistral_Base,0.03767758169892359,0.8303409218788147,0.7513687014579773,4.848484848484849,0.10588235294117647,0.07272727272727275,1.0,0.09593582887700534
22,Mistral_Base,0.022692181192500167,0.8149946331977844,0.560677707195282,4.925373134328358,0.058823529411764705,0.05970149253731338,1.0,0.05908691834942931
23,Mistral_Base,4.8298967739282307e-79,0.8151673078536987,0.4644491374492645,4.30188679245283,0.09933774834437085,0.08679245283018866,1.0,0.09557415969011619
24,Mistral_Base,1.5245409645215e-155,0.7931534051895142,0.2893449366092682,5.404255319148936,0.05555555555555555,0.06382978723404253,1.0,0.05803782505910164
25,Mistral_Base,1.437519986823804e-155,0.7732291221618652,0.2853025496006012,4.545454545454546,0.021505376344086023,0.09090909090909094,0.9090909090909091,0.042326490713587496
26,Mistral_Base,1.7480839479668282e-155,0.791804313659668,0.20489758253097534,5.123966942148761,0.0423728813559322,0.11570247933884292,0.8666666666666667,0.06437176075080542
27,Mistral_Base,1.8541489759319015e-155,0.7771878838539124,0.14863067865371704,5.943661971830986,0.0625,0.06197183098591552,1.0,0.06234154929577465
28,Mistral_Base,7.145812972823331e-232,0.7861604690551758,0.25063079595565796,5.147928994082839,0.036585365853658534,0.09467455621301779,0.88,0.054012122961466305
29,Mistral_Base,2.662278397510326e-155,0.7925155758857727,0.34964504837989807,4.587155963302752,0.05084745762711865,0.08256880733944949,0.9583333333333334,0.060363862540817895
30,Mistral_Base,1.8235418803130589e-155,0.7857574224472046,0.24011151492595673,5.204359673024523,0.05113636363636364,0.08991825613079019,0.8620689655172413,0.0627709313846916
31,Mistral_Base,6.726865660360401e-232,0.7542745471000671,0.21766763925552368,4.089219330855018,0.018867924528301886,0.08921933085501854,1.0,0.039973346426316884
32,Mistral_Base,0.020621712233830164,0.7970864772796631,0.3405647575855255,3.9631336405529947,0.08396946564885496,0.13824884792626724,1.0,0.10025328033207864
33,Mistral_Base,2.3066847354626577e-79,0.7781581878662109,0.25468936562538147,5.139442231075697,0.028688524590163935,0.031872509960159334,0.96,0.029643720201162554
34,Mistral_Base,0.025034021177135587,0.8102275133132935,0.21233567595481873,4.744186046511628,0.11504424778761062,0.21395348837209305,1.0,0.14471701996295533
35,Mistral_Base,5.016670592804381e-232,0.8399209380149841,0.09343240410089493,0.7692307692307687,0.16666666666666666,0.52,0.64,0.27266666666666667
36,Mistral_Base,4.46954388157358e-79,0.8121317625045776,0.3620724081993103,4.679245283018868,0.04964539007092199,0.07547169811320753,1.0,0.05739328248360765
37,Mistral_Base,2.4224658579310073e-155,0.8068535327911377,0.13196156919002533,4.649122807017544,0.07377049180327869,0.08771929824561409,1.0,0.0779551337359793
38,Mistral_Base,6.14588087146869e-79,0.8332496881484985,0.600030779838562,4.649122807017544,0.10655737704918032,0.11403508771929827,1.0,0.10880069025021569
39,Mistral_Base,0.010805343955938454,0.8026043176651001,0.3769615888595581,4.968152866242038,0.06329113924050633,0.07961783439490444,1.0,0.06818914778682576
40,Mistral_Base,1.6006051118007166e-78,0.8668261766433716,0.4730454683303833,0.45454545454545414,0.3333333333333333,0.7096774193548387,0.9545454545454546,0.44623655913978494
41,Mistral_Base,6.562112467092133e-232,0.8540109992027283,0.26166272163391113,2.1052631578947367,0.13333333333333333,0.6129032258064516,0.7916666666666666,0.27720430107526883
42,Mistral_Base,9.418382295637229e-232,0.8358210325241089,0.07267974317073822,1.785714285714286,0.043478260869565216,0.6785714285714286,0.8333333333333334,0.2340062111801242
43,Mistral_Base,1.1951155126698611e-231,0.8405992984771729,0.3455161154270172,1.1111111111111116,0.16666666666666666,0.6296296296296297,0.7692307692307693,0.3055555555555555
44,Mistral_Base,9.336117803135294e-232,0.8616144061088562,0.2731698751449585,1.7241379310344829,0.08333333333333333,0.5517241379310345,0.84375,0.22385057471264366
45,Mistral_Base,8.614911585158347e-232,0.8468613028526306,0.2457076460123062,1.5000000000000002,0.058823529411764705,1.0,0.8461538461538461,0.3411764705882353
46,Mistral_Base,1.012071042130996e-231,0.8432851433753967,0.28599023818969727,0.9523809523809523,0.10526315789473684,0.6190476190476191,0.8947368421052632,0.2593984962406015
47,Mistral_Base,6.685939186759311e-232,0.8188656568527222,0.15139296650886536,0.0,0.058823529411764705,0.7727272727272727,0.6896551724137931,0.2729946524064171
48,Mistral_Base,1.8342660250975636e-78,0.869498610496521,0.4317711293697357,0.714285714285714,0.15384615384615385,0.4642857142857143,0.7857142857142857,0.246978021978022
49,Mistral_Base,1.1121803032788522e-231,0.8371822834014893,0.3226547837257385,1.1111111111111116,0.125,0.8888888888888888,0.8,0.35416666666666663
50,Mistral_Base,0.0,0.0,0.0,10.0,0.0,0.0,0.0,0.0
1,Mistral_FT,3.658491000842446e-155,0.8495509028434753,0.732552707195282,4.895833333333334,0.20408163265306123,0.15625,1.0,0.18973214285714285
2,Mistral_FT,0.12513121709692082,0.8711108565330505,0.8599340915679932,4.9504950495049505,0.2549019607843137,0.14851485148514854,1.0,0.22298582799456415
3,Mistral_FT,0.23353322299690604,0.8983319997787476,0.8138766288757324,5.694444444444445,0.5161290322580645,0.29166666666666663,0.875,0.4487903225806451
4,Mistral_FT,0.059977555496963916,0.845116138458252,0.8126243948936462,4.25531914893617,0.16049382716049382,0.12765957446808507,1.0,0.1506435513527712
5,Mistral_FT,2.203347157833182e-155,0.8135557770729065,0.7528205513954163,4.855072463768116,0.11267605633802817,0.10869565217391308,0.96,0.11148193508879364
6,Mistral_FT,0.1474455876595714,0.8575072288513184,0.7457724809646606,4.857142857142858,0.2222222222222222,0.2142857142857143,1.0,0.21984126984126984
7,Mistral_FT,0.028934302743978513,0.8412099480628967,0.5485724210739136,4.477611940298507,0.13513513513513514,0.13432835820895528,0.9166666666666666,0.13489310205728117
8,Mistral_FT,0.04703812390339533,0.838982343673706,0.6033489108085632,4.841269841269841,0.13846153846153847,0.2222222222222222,1.0,0.1635897435897436
9,Mistral_FT,0.025233313521857606,0.8208320736885071,0.5550047159194946,5.026737967914439,0.08602150537634409,0.07486631016042777,1.0,0.0826749468115692
10,Mistral_FT,0.04071064205193174,0.8259581923484802,0.449077844619751,5.353535353535354,0.13043478260869565,0.09595959595959591,0.9666666666666667,0.12009222661396571
11,Mistral_FT,0.0876551845177045,0.8529108166694641,0.7800630927085876,4.947368421052632,0.25,0.4052631578947369,0.8918918918918919,0.29657894736842105
12,Mistral_FT,0.07244002196008655,0.853579580783844,0.7031949758529663,4.56140350877193,0.1935483870967742,0.14035087719298245,1.0,0.17758913412563665
13,Mistral_FT,0.05754229654886445,0.8508946299552917,0.7690306901931763,5.882352941176471,0.2222222222222222,0.10457516339869277,1.0,0.18692810457516335
14,Mistral_FT,7.265233858531119e-79,0.8514606952667236,0.6850351691246033,5.783783783783783,0.1282051282051282,0.08108108108108103,0.9523809523809523,0.11406791406791404
15,Mistral_FT,2.757397826033875e-155,0.7871763110160828,0.6866558790206909,4.454545454545454,0.11475409836065574,0.1454545454545455,1.0,0.12396423248882266
16,Mistral_FT,0.15442412363831007,0.836790144443512,0.8149741888046265,2.8571428571428568,0.26666666666666666,0.5357142857142857,0.9375,0.34738095238095235
17,Mistral_FT,7.82830916853581e-232,0.8446889519691467,0.7455357313156128,4.659090909090909,0.06382978723404255,0.20454545454545459,0.8518518518518519,0.10604448742746615
18,Mistral_FT,0.022799533201064922,0.8107056021690369,0.4934837222099304,5.096774193548388,0.09210526315789473,0.16129032258064513,0.9354838709677419,0.11286078098471986
19,Mistral_FT,0.09857469621273394,0.8481231927871704,0.7525660991668701,4.461538461538462,0.19444444444444445,0.19999999999999996,0.9642857142857143,0.19611111111111107
20,Mistral_FT,8.901581400415909e-232,0.8077778220176697,0.638470470905304,4.352331606217616,0.07339449541284404,0.227979274611399,0.967741935483871,0.11976992917241053
21,Mistral_FT,0.08253355422674745,0.8517879843711853,0.6991583704948425,4.140625,0.14666666666666667,0.09375,1.0,0.13079166666666664
22,Mistral_FT,0.06660917764903398,0.8510140180587769,0.6842243671417236,4.0625,0.11842105263157894,0.09375,1.0,0.11101973684210525
23,Mistral_FT,0.0,0.8172679543495178,0.019991640001535416,0.0,0.0,0.13043478260869568,0.48148148148148145,0.0391304347826087
24,Mistral_FT,2.112835021442179e-155,0.8459532260894775,0.5893499255180359,5.080213903743315,0.07608695652173914,0.0802139037433155,1.0,0.07732504068821204
25,Mistral_FT,0.03086816227386449,0.8189330697059631,0.7244027853012085,5.419354838709678,0.15492957746478872,0.19999999999999996,0.9393939393939394,0.16845070422535208
26,Mistral_FT,0.05292271223650147,0.8349570631980896,0.8149243593215942,4.7899159663865545,0.22580645161290322,0.23529411764705888,0.9666666666666667,0.2286527514231499
27,Mistral_FT,0.07641129158693517,0.838145911693573,0.7468153238296509,3.423423423423423,0.1780821917808219,0.19819819819819817,1.0,0.1841169937060348
28,Mistral_FT,7.459322524347919e-79,0.8157739043235779,0.6287902593612671,4.2857142857142865,0.10526315789473684,0.12030075187969924,0.96,0.10977443609022555
29,Mistral_FT,0.27370589640422327,0.8970142006874084,0.87848961353302,5.576923076923077,0.391304347826087,0.34615384615384615,1.0,0.37775919732441465
30,Mistral_FT,1.954449588498838e-155,0.7921574115753174,0.3034323751926422,5.171428571428571,0.07100591715976332,0.0942857142857143,1.0,0.07798985629754861
31,Mistral_FT,0.0,0.810583233833313,0.1973935216665268,0.0,0.0,0.125,0.5652173913043478,0.0375
32,Mistral_FT,0.028851151426867488,0.808010458946228,0.46068257093429565,2.82258064516129,0.12359550561797752,0.24193548387096775,0.92,0.1590974990938746
33,Mistral_FT,2.9633875959153636e-155,0.8365201950073242,0.5604061484336853,2.7777777777777777,0.10256410256410256,0.14814814814814814,0.96,0.11623931623931623
34,Mistral_FT,8.962741219215748e-232,0.7898317575454712,0.23962149024009705,5.648535564853557,0.09615384615384616,0.19246861924686187,0.9166666666666666,0.12504827808175087
35,Mistral_FT,0.05744170474741964,0.8302140235900879,0.5939271450042725,3.278688524590164,0.15853658536585366,0.20491803278688525,1.0,0.17245101959216314
36,Mistral_FT,0.017259681570583107,0.8179022073745728,0.5269358158111572,4.093959731543624,0.06818181818181818,0.13422818791946312,0.92,0.08799572910311165
37,Mistral_FT,0.1566374917064108,0.8443170785903931,0.4790008068084717,2.4778761061946906,0.2235294117647059,0.17699115044247793,1.0,0.20956793336803747
38,Mistral_FT,9.788429383461836e-232,0.8320583701133728,0.650094747543335,2.962962962962963,0.09210526315789473,0.2407407407407407,1.0,0.1366959064327485
39,Mistral_FT,0.052338160710149385,0.8219218254089355,0.36793631315231323,3.581081081081081,0.1368421052631579,0.16891891891891897,1.0,0.14646514935988622
40,Mistral_FT,9.521279808038317e-79,0.8266380429267883,0.6604617834091187,2.569444444444444,0.14018691588785046,0.2152777777777778,1.0,0.16271417445482866
41,Mistral_FT,0.07746887105075978,0.8355769515037537,0.6501588821411133,3.141025641025641,0.14953271028037382,0.19871794871794868,0.9583333333333334,0.1642882818116463
42,Mistral_FT,0.0,0.8288912177085876,-0.027794398367404938,0.0,0.0,0.1578947368421053,0.5416666666666666,0.047368421052631594
43,Mistral_FT,0.07675926921556564,0.8498683571815491,0.7273703217506409,4.608695652173913,0.20967741935483872,0.14782608695652177,0.9615384615384616,0.19112201963534362
44,Mistral_FT,0.05615788084574283,0.8514961004257202,0.7957984805107117,4.9,0.21568627450980393,0.16000000000000003,1.0,0.19898039215686275
45,Mistral_FT,0.05801046023466539,0.8204057216644287,0.6389123797416687,3.7254901960784315,0.171875,0.196078431372549,1.0,0.17913602941176468
46,Mistral_FT,5.5754780543102235e-232,0.7739512920379639,0.14927853643894196,5.0,0.017543859649122806,0.11403508771929827,1.0,0.04649122807017544
47,Mistral_FT,2.4578418066353934e-155,0.7967337369918823,0.5869602560997009,5.405405405405405,0.13725490196078433,0.19819819819819817,0.9310344827586207,0.15553789083200847
48,Mistral_FT,0.05539750270481533,0.8462960124015808,0.6734520792961121,5.142857142857142,0.11764705882352941,0.09285714285714286,0.8928571428571429,0.11021008403361345
49,Mistral_FT,0.041868727172547915,0.8585648536682129,0.8051277995109558,5.060240963855422,0.2073170731707317,0.19277108433734935,1.0,0.20295327652071699
50,Mistral_FT,0.04653391488374967,0.8640283942222595,0.850545346736908,4.7398843930635834,0.2087912087912088,0.23699421965317924,1.0,0.21725211204979994
